{"cameraMode":{"drawMode":0,"name":"Shaded","section":"Shading Mode"},"sceneLighting":false,"audioPlay":false,"sceneViewState":{"m_AlwaysRefresh":false,"showFog":true,"showSkybox":true,"showFlares":true,"showImageEffects":true,"showParticleSystems":true,"showVisualEffectGraphs":true,"m_FxEnabled":true},"in2DMode":false,"pivot":{"x":-5.025434494018555,"y":12.354668617248536,"z":27.372285842895509},"rotation":{"x":0.08615667372941971,"y":0.22223415970802308,"z":-0.01972108893096447,"w":0.9709837436676025},"size":15.408517837524414,"orthographic":false}