{"cameraMode":{"drawMode":0,"name":"Shaded","section":"Shading Mode"},"sceneLighting":false,"audioPlay":false,"sceneViewState":{"m_AlwaysRefresh":false,"showFog":true,"showSkybox":true,"showFlares":true,"showImageEffects":true,"showParticleSystems":true,"showVisualEffectGraphs":true,"m_FxEnabled":true},"in2DMode":false,"pivot":{"x":3.8907504081726076,"y":-8.474808692932129,"z":-48.30671691894531},"rotation":{"x":-0.005301604978740215,"y":-0.9922603368759155,"z":0.11543021351099014,"w":-0.04557027295231819},"size":23.165712356567384,"orthographic":false}