{"cameraMode":{"drawMode":0,"name":"Shaded","section":"Shading Mode"},"sceneLighting":false,"audioPlay":false,"sceneViewState":{"m_AlwaysRefresh":false,"showFog":true,"showSkybox":true,"showFlares":true,"showImageEffects":true,"showParticleSystems":true,"showVisualEffectGraphs":true,"m_FxEnabled":true},"in2DMode":false,"pivot":{"x":13.654558181762696,"y":12.446378707885743,"z":-15.421168327331543},"rotation":{"x":-0.17288018763065339,"y":0.2615506947040558,"z":-0.04767795652151108,"w":-0.9483824968338013},"size":0.4666796922683716,"orthographic":false}