{"cameraMode":{"drawMode":0,"name":"Shaded","section":"Shading Mode"},"sceneLighting":false,"audioPlay":false,"sceneViewState":{"m_AlwaysRefresh":false,"showFog":true,"showSkybox":true,"showFlares":true,"showImageEffects":true,"showParticleSystems":true,"showVisualEffectGraphs":true,"m_FxEnabled":true},"in2DMode":false,"pivot":{"x":-5.4893975257873539,"y":-26.157859802246095,"z":277.74078369140627},"rotation":{"x":0.04498414322733879,"y":-0.004495867528021336,"z":0.00020264532940927893,"w":0.9989771842956543},"size":151.03501892089845,"orthographic":false}