{"cameraMode":{"drawMode":0,"name":"Shaded","section":"Shading Mode"},"sceneLighting":false,"audioPlay":false,"sceneViewState":{"m_AlwaysRefresh":false,"showFog":true,"showSkybox":true,"showFlares":true,"showImageEffects":true,"showParticleSystems":true,"showVisualEffectGraphs":true,"m_FxEnabled":true},"in2DMode":false,"pivot":{"x":-0.7108702659606934,"y":1.9706363677978516,"z":-1.7080744504928589},"rotation":{"x":0.08615667372941971,"y":0.22223415970802308,"z":-0.01972108893096447,"w":0.9709837436676025},"size":3.850806951522827,"orthographic":false}