{"cameraMode":{"drawMode":0,"name":"Shaded","section":"Shading Mode"},"sceneLighting":false,"audioPlay":false,"sceneViewState":{"m_AlwaysRefresh":false,"showFog":true,"showSkybox":true,"showFlares":true,"showImageEffects":true,"showParticleSystems":true,"showVisualEffectGraphs":true,"m_FxEnabled":true},"in2DMode":false,"pivot":{"x":1.1473441123962403,"y":-14.824056625366211,"z":278.8225402832031},"rotation":{"x":0.04498414322733879,"y":-0.004495867528021336,"z":0.00020264532940927893,"w":0.9989771842956543},"size":156.0593719482422,"orthographic":false}