{"cameraMode":{"drawMode":0,"name":"Shaded","section":"Shading Mode"},"sceneLighting":false,"audioPlay":false,"sceneViewState":{"m_AlwaysRefresh":false,"showFog":true,"showSkybox":true,"showFlares":true,"showImageEffects":true,"showParticleSystems":true,"showVisualEffectGraphs":true,"m_FxEnabled":true},"in2DMode":false,"pivot":{"x":210.60702514648438,"y":275.162841796875,"z":-31.744550704956056},"rotation":{"x":-0.22922460734844209,"y":0.015181348659098149,"z":-0.003575558541342616,"w":-0.9732486009597778},"size":460.8173522949219,"orthographic":false}