{"cameraMode":{"drawMode":0,"name":"Shaded","section":"Shading Mode"},"sceneLighting":false,"audioPlay":false,"sceneViewState":{"m_AlwaysRefresh":false,"showFog":true,"showSkybox":true,"showFlares":true,"showImageEffects":true,"showParticleSystems":true,"showVisualEffectGraphs":true,"m_FxEnabled":true},"in2DMode":false,"pivot":{"x":-0.43537989258766177,"y":-0.49064844846725466,"z":10.702345848083496},"rotation":{"x":0.1374790519475937,"y":-0.24825173616409303,"z":0.035617392510175708,"w":0.958227276802063},"size":14.253795623779297,"orthographic":false}