{"cameraMode":{"drawMode":0,"name":"Shaded","section":"Shading Mode"},"sceneLighting":false,"audioPlay":false,"sceneViewState":{"m_AlwaysRefresh":false,"showFog":true,"showSkybox":true,"showFlares":true,"showImageEffects":true,"showParticleSystems":true,"showVisualEffectGraphs":true,"m_FxEnabled":true},"in2DMode":false,"pivot":{"x":3.1261730194091799,"y":13.136570930480957,"z":-8.468722343444825},"rotation":{"x":-0.08719060570001602,"y":0.014042426832020283,"z":-0.0012295544147491456,"w":-0.9960974454879761},"size":13.775984764099121,"orthographic":false}