{"cameraMode":{"drawMode":0,"name":"Shaded","section":"Shading Mode"},"sceneLighting":false,"audioPlay":false,"sceneViewState":{"m_AlwaysRefresh":false,"showFog":true,"showSkybox":true,"showFlares":true,"showImageEffects":true,"showParticleSystems":true,"showVisualEffectGraphs":true,"m_FxEnabled":true},"in2DMode":false,"pivot":{"x":-0.03280830383300781,"y":1.1267292499542237,"z":-7.183838844299316},"rotation":{"x":-0.22922460734844209,"y":0.015181348659098149,"z":-0.003575558541342616,"w":-0.9732486009597778},"size":5.005208969116211,"orthographic":false}