{"cameraMode":{"drawMode":0,"name":"Shaded","section":"Shading Mode"},"sceneLighting":false,"audioPlay":false,"sceneViewState":{"m_AlwaysRefresh":false,"showFog":true,"showSkybox":true,"showFlares":true,"showImageEffects":true,"showParticleSystems":true,"showVisualEffectGraphs":true,"m_FxEnabled":true},"in2DMode":false,"pivot":{"x":0.2576135993003845,"y":3.6704559326171877,"z":-10.220253944396973},"rotation":{"x":-0.08719060570001602,"y":0.014042426832020283,"z":-0.0012295544147491456,"w":-0.9960974454879761},"size":3.1814496517181398,"orthographic":false}