{"cameraMode":{"drawMode":0,"name":"Shaded","section":"Shading Mode"},"sceneLighting":false,"audioPlay":false,"sceneViewState":{"m_AlwaysRefresh":false,"showFog":true,"showSkybox":true,"showFlares":true,"showImageEffects":true,"showParticleSystems":true,"showVisualEffectGraphs":true,"m_FxEnabled":true},"in2DMode":false,"pivot":{"x":400.08233642578127,"y":421.5404968261719,"z":40.872291564941409},"rotation":{"x":-0.22922460734844209,"y":0.015181348659098149,"z":-0.003575558541342616,"w":-0.9732486009597778},"size":436.2413635253906,"orthographic":false}