{"cameraMode":{"drawMode":0,"name":"Shaded","section":"Shading Mode"},"sceneLighting":false,"audioPlay":false,"sceneViewState":{"m_AlwaysRefresh":false,"showFog":true,"showSkybox":true,"showFlares":true,"showImageEffects":true,"showParticleSystems":true,"showVisualEffectGraphs":true,"m_FxEnabled":true},"in2DMode":false,"pivot":{"x":0.4903467893600464,"y":-23.048566818237306,"z":278.07501220703127},"rotation":{"x":0.04498414322733879,"y":-0.004495867528021336,"z":0.00020264532940927893,"w":0.9989771842956543},"size":143.28106689453126,"orthographic":false}