{"cameraMode":{"drawMode":0,"name":"Shaded","section":"Shading Mode"},"sceneLighting":false,"audioPlay":false,"sceneViewState":{"m_AlwaysRefresh":false,"showFog":true,"showSkybox":true,"showFlares":true,"showImageEffects":true,"showParticleSystems":true,"showVisualEffectGraphs":true,"m_FxEnabled":true},"in2DMode":false,"pivot":{"x":5.439290523529053,"y":21.70941162109375,"z":-43.760501861572269},"rotation":{"x":-0.22922460734844209,"y":0.015181348659098149,"z":-0.003575558541342616,"w":-0.9732486009597778},"size":2.5765771865844728,"orthographic":false}