{"cameraMode":{"drawMode":0,"name":"Shaded","section":"Shading Mode"},"sceneLighting":false,"audioPlay":false,"sceneViewState":{"m_AlwaysRefresh":false,"showFog":true,"showSkybox":true,"showFlares":true,"showImageEffects":true,"showParticleSystems":true,"showVisualEffectGraphs":true,"m_FxEnabled":true},"in2DMode":false,"pivot":{"x":-7.03134822845459,"y":17.57079315185547,"z":-15.497037887573243},"rotation":{"x":-0.13637195527553559,"y":-0.012782012112438679,"z":0.0017596589168533683,"w":-0.9905738234519959},"size":7.394432544708252,"orthographic":false}