{"cameraMode":{"drawMode":0,"name":"Shaded","section":"Shading Mode"},"sceneLighting":false,"audioPlay":false,"sceneViewState":{"m_AlwaysRefresh":false,"showFog":true,"showSkybox":true,"showFlares":true,"showImageEffects":true,"showParticleSystems":true,"showVisualEffectGraphs":true,"m_FxEnabled":true},"in2DMode":false,"pivot":{"x":325.85565185546877,"y":405.82586669921877,"z":37.047767639160159},"rotation":{"x":-0.22922460734844209,"y":0.015181348659098149,"z":-0.003575558541342616,"w":-0.9732486009597778},"size":641.0689086914063,"orthographic":false}