{"cameraMode":{"drawMode":0,"name":"Shaded","section":"Shading Mode"},"sceneLighting":false,"audioPlay":false,"sceneViewState":{"m_AlwaysRefresh":false,"showFog":true,"showSkybox":true,"showFlares":true,"showImageEffects":true,"showParticleSystems":true,"showVisualEffectGraphs":true,"m_FxEnabled":true},"in2DMode":false,"pivot":{"x":17.914886474609376,"y":12.975314140319825,"z":-12.645610809326172},"rotation":{"x":-0.17288018763065339,"y":0.2615506947040558,"z":-0.04767795652151108,"w":-0.9483824968338013},"size":1.690129280090332,"orthographic":false}