{"cameraMode":{"drawMode":0,"name":"Shaded","section":"Shading Mode"},"sceneLighting":false,"audioPlay":false,"sceneViewState":{"m_AlwaysRefresh":false,"showFog":true,"showSkybox":true,"showFlares":true,"showImageEffects":true,"showParticleSystems":true,"showVisualEffectGraphs":true,"m_FxEnabled":true},"in2DMode":false,"pivot":{"x":-1.307628870010376,"y":2.3379898071289064,"z":-5.464271068572998},"rotation":{"x":0.27571672201156618,"y":-0.08636637777090073,"z":0.024880899116396905,"w":0.9570313096046448},"size":10.894969940185547,"orthographic":false}