{"cameraMode":{"drawMode":0,"name":"Shaded","section":"Shading Mode"},"sceneLighting":false,"audioPlay":false,"sceneViewState":{"m_AlwaysRefresh":false,"showFog":true,"showSkybox":true,"showFlares":true,"showImageEffects":true,"showParticleSystems":true,"showVisualEffectGraphs":true,"m_FxEnabled":true},"in2DMode":false,"pivot":{"x":0.8390048742294312,"y":6.286437511444092,"z":-3.0874595642089845},"rotation":{"x":0.27571672201156618,"y":-0.08636637777090073,"z":0.024880899116396905,"w":0.9570313096046448},"size":6.809406757354736,"orthographic":false}