{"cameraMode":{"drawMode":0,"name":"Shaded","section":"Shading Mode"},"sceneLighting":false,"audioPlay":false,"sceneViewState":{"m_AlwaysRefresh":false,"showFog":true,"showSkybox":true,"showFlares":true,"showImageEffects":true,"showParticleSystems":true,"showVisualEffectGraphs":true,"m_FxEnabled":true},"in2DMode":false,"pivot":{"x":0.5230345726013184,"y":2.3166942596435549,"z":-10.451704978942871},"rotation":{"x":-0.08719060570001602,"y":0.014042426832020283,"z":-0.0012295544147491456,"w":-0.9960974454879761},"size":18.861690521240236,"orthographic":false}